{"0x04cba99bf19958470d03be77fd1936c1ac73784d": [2, 1.8751916052808408], "0x0682c4c713d70b24b62f388bc0eba20c3560f43e": [6, 9.243960171027888], "0x0911607ce15dd23cb90eb443e6b5100c814f594a": [2, 1.3284949930075545], "0x09163ce62b6032a2189b4d511958018bb2c624ef": [1, 1.4986813412099915], "0x0fe4ccc677c9650b156c18de75473146c5c06e75": [2, 1.0353148512684531], "0x1406f156b10d8a1057a194b69b8f2ac11523573c": [1, 1.6403448774337575], "0x149d93dfc34bc8092ad9562a6672394d5edb68a4": [1, 1.2378699910717388], "0x14a6e823fc11b629ac8b798f378a77d31df8537e": [1, 1.3739959283451693], "0x16d96d50d9b6e6ed3a39881d011a97ba080a724b": [1, 12.950184426216822], "0x188408ef0c26225705f6cdea6148f3f8ed802348": [1, 10.411597521744122], "0x19b51c817d3bd2f7db9e6f5c1e8769d619433f65": [1, 1.1615198997784164], "0x1aa10d150f114445eeb9d249430358e108a45793": [2, 1.6681895209461577], "0x1f3de51f4295be1ad3874706dc85f8effd989a22": [4, 3.10576858369967], "0x24803cccfe35207cc07afbcf5f5b041b03810d44": [3, 2.4789897184932297], "0x24a18ad37bcce7022ec1f360e9c53f31717a513e": [2, 1.5767928256855968], "0x26bcb16a88a9179efadc11b90e2a55ed8bd74b6c": [7, 3.9855109676374183], "0x26c596f0e400dc16ff7c1575a72884cecabf8cc4": [1, 2.8670234910667305], "0x26fd36868dbf2455e5969dd6fbcb3ba0d28ce0e3": [3, 1.0426876788604358], "0x2882898129bfb577f756350d8443265038fce7cc": [1, 1.056845296961348], "0x2997949fa10edb13c63bf847fe9a3223da08f406": [2, 2.871948368287116], "0x2a381a41627de73c9285de8f5b74791ad18bd292": [1, 1.0754197269167463], "0x2afc7b26dce8e42150c0fc3cdb5436774d96bb91": [1, 1.42338644954518], "0x2cd781789d013eebb8d058d2ca9a816af1394167": [4, 2.8642754546424496], "0x304d6e3d6c59f3efb5c70089a55168e8ca0d5497": [1, 1.2237760447183894], "0x3869dbae46454efb20e20c136e751a272922530d": [1, 2.63206779531671], "0x3aa109761f5047c83c76ac4e61a07fa8ca9db959": [4, 1.057284882502194], "0x3fd986ea4767cdb9f48c14e469c1cdb9f1e56e56": [1, 1.1198518310094023], "0x3fdb221b1ea9da72aa490fadef83071582626acf": [4, 1.2643666399678075], "0x4323c50d70c39231cf264021ddaacce7d02fa834": [5, 2.870967599137421], "0x4369dbde476fcfd7e4f436d6c76f0dc2afa8d456": [1, 2.5348480570361533], "0x446a6560f8073919d8402c98db55db342a20300b": [2, 16.00269346244986], "0x4a5a91b27b7999ba761d94f82d58cab247f5a6c9": [3, 1.8807355153466612], "0x4ae2f36c73a8d8aecd7199bae568d7ba7119ad24": [1, 1.3698305348491246], "0x4bbc3eb245d60614dfcb0c3ccb757377b79c6ba4": [2, 1.251865655322157], "0x4bfa65a460e85f5bc93dd60c0b9b4c2acca98782": [2, 1.6443596702851029], "0x4cbd07e1b723ec2334c5c33dfc92da94cbf8994c": [1, 5.175944054417949], "0x5017978a57b73e1ccbac3d8d67b55961d0a04308": [3, 1.9656119583273728], "0x5370bb6adc4818b1641d1105bfe0984b684e3661": [1, 2.499130964384228], "0x54aab34ec15dad44073681ec94e29ea9343fa2d9": [1, 1.5487915905880751], "0x563153823d702516f92fc24edd9358d6973f60f9": [1, 9.991976095031763], "0x589dee7f5475d64933d2f0bb06ac809ca072a0e0": [1, 1.7665576150468245], "0x5925f70bb4aa2f830457b17549e9cd9263eadd31": [1, 1.0541417965720283], "0x5a4935bdab9b1177d812a38b27973ffc9558bcc0": [1, 1.2252620613280791], "0x5b6dbcb052b508659b3cc5bc8c5d54256799c0ca": [1, 5.6709038195641135], "0x5f288c798af33cc313917c3027de4ad5055615ea": [1, 1.1571912330164975], "0x60d0cd7b931641d405c88712b87e610fdc47af3f": [1, 1.1242225149061063], "0x60f7d7c6af81443ac392cb0df49cbff22eaa52e8": [1, 2.0277899641715775], "0x6270d239ac3dd7ba9192367e50780031c82c6be1": [2, 1.9726687194840893], "0x63dc4b23b9b2e438c20e303733a50fedefd7bdde": [1, 2.8024389710596465], "0x6702f49f8d2ad38fa8d36669bcf8cb91d693c8d9": [1, 4.290121148186497], "0x694b5b8514bd2bf61f9307bce12d5f4fcfd19467": [1, 3.093022157713056], "0x6ae615835aa020ff1239dec4dd7a3a5e8b975649": [2, 2.7342653946039213], "0x6afb1d981f31f765412800642c196288215bc7fd": [2, 2.630006106955076], "0x728242239df38ee0dc2125876b5289afdf89038f": [2, 1.0700880760099278], "0x7c88ecd08e2f24741bcc7199dd687257811fd4c7": [1, 2.5894104689477895], "0x7cd29b07ef7dea5d212f162ca3a0cf8e992b1e24": [1, 1.8230537778038174], "0x80242c98484786fd16d1c8485bc8ca33f70da8c6": [1, 2.694836526485705], "0x810419a3ce2f2d5a14f6f2338eeb9da2f8541994": [1, 1.2403845641583173], "0x810c3243032f3ac57e9351812f116c3ee6953c18": [1, 27.510815074569045], "0x81525d75c0405a633a100fb1e5753beeaef01974": [1, 6.135620121847531], "0x81db4c4a04a7d47c2994b14235ed41f3750171e9": [1, 4.269781915079811], "0x8648aaa69c55e23780cf4b189591d6e56f2a3536": [1, 4.239960784114435], "0x899d215ebbbd4258f6e69fd20898133c4125fb80": [1, 2.757477881369264], "0x8ba17d57b5d78cbe4b8df416346f06de95d353ea": [1, 1.0050503550289867], "0x8e7581a622ed528dd81d6cd8ad369519d28be65d": [3, 1.6553385278055903], "0x9127c9221b22ea3789c90383284c72dcd7d9b9fb": [1, 3.2242683958726466], "0x9250b2ac03fffb86fd14f6fba9a8dea0dcf18720": [1, 2.219988412906909], "0x93d59aff6ea135a20b45dc5ff62fd605d4c414d7": [6, 5.1747052646614184], "0x951b169afc2b7ac70799dbad1cfc8f318506f34c": [2, 5.078431690493106], "0x96e93cf001984a5290832a945ae5cfbb24dc6da6": [1, 2.4398767010533087], "0x9b1020ee4bfbf31706979a45e931eb7e6047303d": [2, 2.7655309130590555], "0x9e9826a8edb1daf2dd68c5288a6089283b380d81": [1, 4.618556342317433], "0x9f179f91bf567bdf3572b541053e9a361e0c4163": [2, 1.645456092194209], "0x9f9b0e35bfdfa7c56cc8a707a2fbcaadd399782c": [2, 3.696321869081549], "0xa57255c02d1171e960aa4f5a99184e5982f33077": [1, 3.561592199956936], "0xa816ecdaf03a40f7497b56ef29135d4940e32092": [2, 3.2394289377214114], "0xa82a74b8f5877734d78345c5867e9578fbfac639": [1, 43.916259087174794], "0xaf1cc56a81ae3db157b73db4dbcd20907db5793f": [4, 1.1423442236349364], "0xb29479ef88dfff8dac466cf6c716e7985c4241c5": [1, 3.7387263546048795], "0xb361b55b2bc39099853595bfab7a87c5c3e350be": [2, 2.1408978340914855], "0xb3ffd0f321abde1740f6e13be273348baad24291": [1, 36.93593762632831], "0xb54d377a2c27af3ef4dfba0671a9778f56895153": [4, 1.4538433438691563], "0xb6c5b1a489606028da263eda28063186f96fa921": [1, 4.448292570514026], "0xb812da58fd04867e7a6e88b494337e16d6acd8a7": [2, 5.414456763366323], "0xb893ae8a1824604f6df4dfde52e2754921ba1a73": [1, 1.487304735737632], "0xbddc60fa07bab3036aece628e6bc85751faf2fc4": [2, 3.857406607848859], "0xbffe3b8cf8f92f139ba689d7f92b07000e880a5a": [1, 1.376282502301238], "0xc13e40ce127c727f611b96eeb31e55efb133a11c": [1, 1.8588526312242282], "0xc1d36050f909fad617c4d47cb1119a6428ea0cc0": [1, 8.809443918661136], "0xc39fa47c8b3ff448e0f7b1f2bf1ac7ea644229d2": [1, 8.876660663991832], "0xc3cdb5745f27671b999a8c1667adb4d79144269a": [1, 2.339670830640148], "0xc5f36c576e0a9628cce55f3d99d1d3b10512ed86": [1, 2.516928576793667], "0xcdb21df1551d3fa3c8119edde8a09f0a234fa81d": [2, 3.0797680170421353], "0xce8c6dad492532ad9b521c173a6e76e5b9de189e": [1, 3.3718496439282735], "0xd3119ac49ed87c594a521f9930be6d0c6b2cbc71": [1, 1.4837246282644359], "0xd4734ce5102715924ffd44a41d7bb785ca2e6743": [1, 9.170828821222006], "0xd509f14123021f60df832518d08176ca4dfd0bfa": [1, 1.6534037796995373], "0xd6903e58b03547a4fdeb42b5df9ef61349cb2f9e": [1, 1.9852705124494994], "0xdac6ea68a6bf34a972118398de4ee48d253ab4ca": [1, 2.260102985581628], "0xdefaa8232a0e30b84a5183a6e3bae0e8eca877cc": [1, 2.514812425704747], "0xe43840e77829b2df75959b7107d172060ab6bd87": [1, 4.6319038386743205], "0xe47e1ac440a31a8c77c825cf30d9a91f6352bc84": [7, 5.868955325697979], "0xe60eba1e36bfb6d8f47edb46af6d66255741a717": [1, 1.1757236545893948], "0xec8e08da68e0d9f1769a45896c4fcb2bbf5b8756": [2, 2.6930110406908017], "0xed034b287ea77a14970f1c0c8682a80a9468dbb3": [1, 1.9527469042128576], "0xed27e48cd71ebe44ff5d206b47dc1fcd82e16e7f": [1, 9.492504698855422], "0xef1c2b1cdb99c9bd608f4533821c7cb2244433ef": [1, 1.0793104930505681], "0xefa7dd48c2c141cc5044090b87f099986bc02f55": [2, 4.111338306292096], "0xeff9cf0574ede99eb23d34e9e058ad6056cfc3c7": [1, 1.5164734259310702], "0xf2834d96f2c47fe12ebd6c83c8629db67096959a": [1, 1.0009478614386678], "0xf38ba39310adfe693f549c3deccbaa352d35835d": [2, 1.3824570577670723], "0xf730751f944e8db33af515a17d7de51c0fc2f6bc": [1, 1.4815428212387278], "0xfa15291e06107c84e5dbd82dba0e57bfbf48d812": [6, 4.549234322990496],